world_id,scene_id,object_a,object_b,heuristic_label,gazebo_contact,boundary_sharpness,minimum_boundary_distance,minimum_boundary_distance_is_metric,surface_normal_consistency,relative_height,depth_gradient,overlap_ratio,edge_continuity,occlusion_boundary_score
world1_baseline,world1_baseline__v2,obj_bottle,obj_mug,Separate,0,,0.0037041257712789,True,0.9508477674388548,0.0915190247652228,,0.1824065901735804,1.0,0.345707656612529
world1_baseline,world1_baseline__v2,obj_bowl,obj_apple,Contact,0,0.1507859826087951,0.0037041257712789,True,0.98881386487809,0.0133372522008051,0.0364319868385791,0.0093943139678615,1.0,0.95
world1_baseline,world1_baseline__v2,obj_cereal_box,obj_toy_block,Separate,0,0.3183047175407409,0.0037041257712789,True,0.6312503253921289,0.1598510478779262,0.0388618893921375,0.0454904438477333,1.0,0.8501440922190202
world1_baseline,world1_baseline__v2,obj_notebook,obj_remote,Support,1,0.04837616533041,0.0037041257712789,True,0.9785156074938148,-0.0143852805162638,0.0242377519607543,0.3168552709946396,1.0,0.0257575757575758
world1_baseline,world1_baseline__v3,obj_bowl,obj_apple,Contact,0,,0.0032703689641894,True,0.993792013230758,0.0203144513292092,,0.0,1.0,0.8263888888888888
world1_baseline,world1_baseline__v3,obj_bowl,obj_tissue_box,Separate,0,,0.0032703689641894,True,0.9844966093957892,-0.0084180466931709,,0.0205647135629182,1.0,0.8164556962025317
world1_baseline,world1_baseline__v3,obj_spoon,obj_cereal_box,Separate,0,,0.0032703689641894,True,0.5634551489367291,-0.1642043539463612,,0.002008032128514,1.0,1.0
world1_baseline,world1_baseline__v3,obj_notebook,obj_remote,Support,1,0.0445322841405868,0.0032703689641894,True,0.9906475159258724,-0.0046741002164667,0.0198759492486715,0.3122270742358078,1.0,0.1607943625880845
world1_baseline,world1_baseline__v4,obj_bottle,obj_mug,Separate,0,0.2044560462236404,0.0037041267907222,True,0.9463097311131686,0.0982257050765079,0.0440358705818653,0.1867219917012448,1.0,0.4856230031948882
world1_baseline,world1_baseline__v4,obj_bowl,obj_apple,Contact,0,0.1663322746753692,0.0037041267907222,True,0.6470173067668725,0.0178798845832915,0.0459533780813217,0.0908402725208175,1.0,0.6944444444444444
world1_baseline,world1_baseline__v4,obj_apple,obj_spoon,Separate,0,0.098112367093563,0.0162751914848325,True,0.8663351715092589,0.0491826286790405,0.0520970523357391,0.0,,1.0
world1_baseline,world1_baseline__v4,obj_notebook,obj_remote,Support,1,0.0427448824048042,0.0037041267907222,True,0.984325108373934,-0.0064115767259748,0.0170800611376762,0.3157258064516129,1.0,0.1922544951590594
world1_baseline,world1_baseline__v5,obj_bottle,obj_plate,Separate,0,,0.0031487965294246,True,0.3303159438055964,0.1293392208671827,,0.0876232201533406,1.0,0.9152798789712556
world1_baseline,world1_baseline__v5,obj_mug,obj_plate,Separate,0,0.1535228341817855,0.0031487965294246,True,0.6262867279860934,0.067312740145227,0.0370666719973087,0.0123239436619718,1.0,1.0
world1_baseline,world1_baseline__v5,obj_bowl,obj_apple,Contact,0,0.1683091670274734,0.0031487965294246,True,0.9972588439962602,0.0107792386841197,0.0361809320747852,0.0,1.0,0.5343137254901962
world1_baseline,world1_baseline__v5,obj_bowl,obj_tissue_box,Separate,0,0.2023365348577499,0.0062975930588493,True,0.9486824674635006,0.0055558993808579,0.0386061295866966,0.0129093951709299,,0.9786666666666666
world1_baseline,world1_baseline__v5,obj_tissue_box,obj_notebook,Separate,0,,0.0031487965294246,True,0.6423472673972772,0.0639312797566223,,0.0540198354083139,0.7317073170731707,1.0
world1_baseline,world1_baseline__v5,obj_tissue_box,obj_remote,Separate,0,0.1684028059244156,0.0031487965294246,True,0.712780329710741,0.045541596185941,0.040355060249567,0.0097175827512906,0.8,1.0
world1_baseline,world1_baseline__v5,obj_notebook,obj_remote,Support,1,,0.0031487965294246,True,0.9818477892314666,-0.0183896835706813,,0.3155737704918033,1.0,0.0147058823529411
world1_baseline,world1_baseline__v6,obj_bottle,obj_mug,Separate,0,,0.0021098465784643,True,0.899641604662768,0.0820089617389401,,0.0352558895207148,1.0,0.4458715596330276
world1_baseline,world1_baseline__v6,obj_bowl,obj_apple,Contact,0,0.1482561528682708,0.0029537851595474,True,0.9969054880495308,0.0153354032739416,0.0354986637830734,0.0375903614457831,1.0,0.3074792243767312
world1_baseline,world1_baseline__v6,obj_notebook,obj_remote,Support,1,0.0441488325595855,0.0021098465784643,True,0.994554934226459,-0.006742756839127,0.012252721004188,0.3553062178588125,1.0,0.0887198986058301
world1_baseline,world1_baseline,obj_bottle,obj_mug,Separate,0,0.2309261411428451,0.0038288108212566,True,0.904385038880167,0.1049308006389031,0.0611616820096969,0.0231072703362765,1.0,0.4852941176470589
world1_baseline,world1_baseline,obj_bowl,obj_apple,Contact,0,0.1396292001008987,0.0038288108212566,True,0.9892457397737622,0.0167764393322462,0.0376985855400562,0.0,1.0,0.7621951219512195
world1_baseline,world1_baseline,obj_notebook,obj_remote,Support,1,0.0451290346682071,0.0038288108212566,True,0.9993326192562204,-0.0123416341035806,0.0088690007105469,0.3071808510638298,1.0,0.4692653673163418
world2_dense_clutter,world2_dense_clutter__v2,obj_mug,obj_tomato,Separate,0,0.1625969409942627,0.0162858542911035,True,0.9989489233820794,0.0397319786529893,0.0478299483656883,0.0,,1.0
world2_dense_clutter,world2_dense_clutter__v2,obj_jar,obj_cereal_box,Separate,0,0.5012913346290588,0.0037065535754645,True,0.6089941768090156,-0.1111410024739169,0.058152187615633,0.0340533177661023,1.0,0.4467005076142132
world2_dense_clutter,world2_dense_clutter__v2,obj_jar,obj_apple,Separate,0,0.2208375185728073,0.0037065535754645,True,0.8891751281366385,0.0719354724164179,0.0587474480271339,0.1125329318780579,1.0,0.6666666666666667
world2_dense_clutter,world2_dense_clutter__v2,obj_bowl,obj_apple,Contact,1,0.1640339642763137,0.0037065535754645,True,0.9476024121921014,0.0197170967619889,0.0434781201183795,0.0317164179104477,1.0,0.8612716763005781
world2_dense_clutter,world2_dense_clutter__v2,obj_bowl,obj_tomato,Contact,0,0.1635070443153381,0.0037065535754645,True,0.979487814627316,0.040163743795458,0.0434595383703708,0.0215982721382289,1.0,0.8637770897832817
world2_dense_clutter,world2_dense_clutter__v2,obj_plate,obj_spoon,Separate,1,0.0651302486658096,0.0037065535754645,True,0.8222497031484282,-0.0294200219008292,0.0288177225738763,0.1736879265709578,1.0,0.1054054054054054
world2_dense_clutter,world2_dense_clutter__v2,obj_kettle,obj_cup,Separate,0,0.2102284729480743,0.0037065535754645,True,0.9870458682612449,0.0994913327415867,0.0338307842612266,0.1123316458114433,1.0,0.682737169517885
world2_dense_clutter,world2_dense_clutter__v2,obj_chopping_board,obj_knife,Support,1,0.0376134552061557,0.0037065535754645,True,0.9581388491909324,-0.0030481549881943,0.0174400713294744,0.096734693877551,0.503030303030303,0.1665351223362272
world2_dense_clutter,world2_dense_clutter__v3,obj_bottle,obj_tissue_box,Separate,0,,0.0031565259484189,True,0.973101640705156,0.040395710706351,,0.0908278737343657,1.0,0.571648690292758
world2_dense_clutter,world2_dense_clutter__v3,obj_mug,obj_bowl,Separate,0,,0.0031565259484189,True,0.7945496412278379,-0.0091495108223945,,0.1092598526113425,1.0,0.634020618556701
world2_dense_clutter,world2_dense_clutter__v3,obj_mug,obj_apple,Separate,0,0.1774858683347702,0.0031565259484189,True,0.9994872643245164,0.0213135485170341,0.0506189353764057,0.0256797583081571,1.0,0.8134110787172011
world2_dense_clutter,world2_dense_clutter__v3,obj_cereal_box,obj_banana,Contact,0,,0.0063130518968378,True,0.7409769234477613,0.1258534420807573,,0.0049995690026721,,0.6316507503410641
world2_dense_clutter,world2_dense_clutter__v3,obj_bowl,obj_apple,Contact,1,,0.0031565259484189,True,0.8121343773529601,0.0304630593394287,,0.0097997443544951,1.0,0.3357142857142856
world2_dense_clutter,world2_dense_clutter__v3,obj_bowl,obj_tomato,Contact,0,,0.0113537081405197,True,0.9126617124207428,0.0328024392412193,,0.0097132284921369,,1.0
world2_dense_clutter,world2_dense_clutter__v3,obj_plate,obj_spoon,Separate,1,0.0571448877453804,0.0031565259484189,True,0.9413369712387176,-0.0194348074761486,0.0249468460679054,0.3842077371489136,1.0,0.1486928104575163
world2_dense_clutter,world2_dense_clutter__v3,obj_chopping_board,obj_knife,Support,1,0.0372609049081802,0.0031565259484189,True,0.9919837553832987,-0.0034608515900573,0.0175600983202457,0.1155571189868965,1.0,0.0792982456140349
world2_dense_clutter,world2_dense_clutter__v4,obj_bottle,obj_mug,Separate,0,0.2832053005695343,0.0037178729639903,True,0.9681352751609268,0.0810762661942506,0.0626038014888763,0.0300532371629744,1.0,0.8
world2_dense_clutter,world2_dense_clutter__v4,obj_jar,obj_cereal_box,Separate,0,,0.0037178729639903,True,0.9821688260289876,-0.084083270646024,,0.0883624139587001,1.0,0.0800821355236139
world2_dense_clutter,world2_dense_clutter__v4,obj_jar,obj_apple,Separate,0,0.1658593267202377,0.0037178729639903,True,0.6908203321644577,0.0413995600450965,0.0478499755263328,0.0,1.0,0.768041237113402
world2_dense_clutter,world2_dense_clutter__v4,obj_bowl,obj_apple,Contact,1,0.1527819782495498,0.0037178729639903,True,0.8806212937589482,0.0277639525259093,0.0397227182984352,0.099815157116451,1.0,0.8642297650130548
world2_dense_clutter,world2_dense_clutter__v4,obj_bowl,obj_tomato,Contact,0,0.1443865746259689,0.0185778379444501,True,0.9420918990883598,0.0356743493605715,0.0367518700659275,0.0191582002902757,,1.0
world2_dense_clutter,world2_dense_clutter__v4,obj_plate,obj_spoon,Separate,1,0.0490456447005271,0.0037178729639903,True,0.9288636834992724,-0.0111082539615685,0.0142312124371528,0.1691123836793128,1.0,0.1864095500459137
world2_dense_clutter,world2_dense_clutter__v4,obj_spoon,obj_fork,Separate,0,0.0450626388192176,0.0185778379444501,True,0.7122234042837928,0.0152166403290472,0.0236247163265943,0.0919250180245133,,1.0
world2_dense_clutter,world2_dense_clutter__v4,obj_kettle,obj_cup,Separate,0,,0.0037178729639903,True,0.9704803216109684,0.082386207714539,,0.113198900091659,1.0,0.0805369127516779
world2_dense_clutter,world2_dense_clutter__v4,obj_chopping_board,obj_knife,Support,1,0.0373834632337093,0.0037178729639903,True,0.97332303077723,-0.0041038288427998,0.0178950186818838,0.1167434715821812,0.50814332247557,0.1765704584040746
world2_dense_clutter,world2_dense_clutter__v5,obj_bottle,obj_plate,Separate,0,,0.003104591684519,True,0.251518110540234,0.1068170488817314,,0.3297226325291318,0.6063829787234043,0.5529411764705883
world2_dense_clutter,world2_dense_clutter__v5,obj_bottle,obj_fork,Separate,0,,0.003104591684519,True,0.5470408851484563,0.1252986647198267,,0.0176111989162339,1.0,0.9424184261036468
world2_dense_clutter,world2_dense_clutter__v5,obj_mug,obj_bowl,Separate,0,0.2027365863323211,0.003104591684519,True,0.931573434044466,-0.0090630898997735,0.0420874394476413,0.0380482649286595,1.0,0.7676767676767677
world2_dense_clutter,world2_dense_clutter__v5,obj_mug,obj_chopping_board,Separate,0,0.120484173297882,0.0111669057874116,True,0.6749794561323283,0.0598389250010457,0.0407755933701992,0.0,,1.0
world2_dense_clutter,world2_dense_clutter__v5,obj_jar,obj_banana,Separate,0,0.1940353661775589,0.003104591684519,True,0.7571950125150357,0.0701342135812546,0.0421557202935218,0.0516562089595797,1.0,0.7357142857142858
world2_dense_clutter,world2_dense_clutter__v5,obj_cereal_box,obj_banana,Contact,0,,0.003104591684519,True,0.825266965496161,0.1622918159308516,,0.0111263736263736,1.0,0.9888475836431228
world2_dense_clutter,world2_dense_clutter__v5,obj_cereal_box,obj_kettle,Separate,0,,0.003104591684519,True,0.32851917494964,0.0523093995208091,,0.1224516523333478,1.0,0.7255230125523013
world2_dense_clutter,world2_dense_clutter__v5,obj_bowl,obj_apple,Contact,1,0.1505237370729446,0.003104591684519,True,0.9956449907844892,0.0195988321780787,0.0329926870763301,0.0080140734949179,1.0,0.8744186046511628
world2_dense_clutter,world2_dense_clutter__v5,obj_bowl,obj_tomato,Contact,0,0.1536824405193328,0.003104591684519,True,0.9999082457609058,0.03357809413939,0.0344990603625774,0.0554794520547945,1.0,0.7551963048498844
world2_dense_clutter,world2_dense_clutter__v5,obj_kettle,obj_cup,Separate,0,,0.0062091833690381,True,0.5250436408294683,0.0867589432250415,,0.0121951219512195,,0.6021897810218979
world2_dense_clutter,world2_dense_clutter__v5,obj_chopping_board,obj_knife,Support,1,0.057047463953495,0.003104591684519,True,0.9737578029469224,-0.0065113982309128,0.032973688095808,0.1231190150478796,1.0,0.0862470862470863
world2_dense_clutter,world2_dense_clutter__v6,obj_bowl,obj_apple,Contact,1,0.1456982344388961,0.0021164449251328,True,0.9930362903707076,0.0261362560261145,0.036330085247755,0.0413718018508437,1.0,0.4341736694677871
world2_dense_clutter,world2_dense_clutter__v6,obj_plate,obj_spoon,Separate,1,0.0501909330487251,0.0021164449251328,True,0.9643097266092396,-0.0286119330803306,0.013259207829833,0.3366193796585717,1.0,0.5492125984251969
world2_dense_clutter,world2_dense_clutter__v6,obj_chopping_board,obj_knife,Support,1,0.0301204640418291,0.0021164449251328,True,0.9924638448589024,-0.0030641095328469,0.0083444193005561,0.238430583501006,0.502970297029703,0.0209790209790209
world2_dense_clutter,world2_dense_clutter,obj_jar,obj_cereal_box,Separate,0,0.3983622193336487,0.0016034461542724,True,0.2723117983546592,-0.0642537335251711,0.0432208552956581,0.00336,1.0,0.1
world2_dense_clutter,world2_dense_clutter,obj_bowl,obj_apple,Contact,1,0.1289502382278442,0.0016034461542724,True,0.9991806407506696,0.0299385293541627,0.0264863837510347,0.0135440180586907,1.0,0.7664543524416136
world2_dense_clutter,world2_dense_clutter,obj_plate,obj_spoon,Separate,1,0.0463314577937126,0.0016034461542724,True,0.9957852919434064,-0.018150259872314,0.006004492752254,0.1692651941677493,1.0,0.5474683544303798
world2_dense_clutter,world2_dense_clutter,obj_kettle,obj_cup,Separate,0,0.1098397076129913,0.0016034461542724,True,0.0986743961482122,0.0264738093445732,0.0338676609098911,0.0617977528089887,1.0,0.2365591397849462
world2_dense_clutter,world2_dense_clutter,obj_chopping_board,obj_knife,Support,1,0.0319304913282394,0.0016034461542724,True,0.9989205479343328,-0.0030067799487749,0.0040017082355916,0.1159909909909909,0.5023474178403756,0.5322676139727649
world3_thin_objects,world3_thin_objects__v2,obj_plate,obj_ruler,Support,1,0.0335112772881984,0.0031927182239576,True,0.9982876333611524,0.0020995896442951,0.0150560261681675,0.0125260960334029,1.0,1.0
world3_thin_objects,world3_thin_objects__v2,obj_fork,obj_ruler,Support,1,0.0212185699492692,0.0031927182239576,True,0.9622259410786772,-0.0055142919312543,0.0188868548721075,0.0841584158415841,1.0,0.9466019417475728
world3_thin_objects,world3_thin_objects__v2,obj_bottle,obj_knife,Separate,0,0.2097686529159546,0.0031927182239576,True,0.4911779168352644,0.1221697442471699,0.056111205369234,0.0,1.0,0.8791423001949317
world3_thin_objects,world3_thin_objects__v2,obj_mug,obj_toothbrush,Contact,0,0.0871857404708862,0.0031927182239576,True,0.0693663779368165,0.1030022787774316,0.0263825803995132,0.0242624758753791,1.0,1.0
world3_thin_objects,world3_thin_objects__v2,obj_notebook,obj_pen,Contact,1,0.0250880997627973,0.0031927182239576,True,0.7132711593705274,-0.0089144492279495,0.0113597279414534,0.2165547520661157,1.0,0.0335097001763669
world3_thin_objects,world3_thin_objects__v2,obj_knife,obj_spoon,Support,1,0.0471396185457706,0.0031927182239576,True,0.9980686830848098,-0.0065287847231375,0.0284511931240558,0.6315651260504201,0.5230769230769231,0.0097560975609756
world3_thin_objects,world3_thin_objects__v2,obj_chopstick_a,obj_chopstick_b,Contact,0,0.0249105487018823,0.0031927182239576,True,0.5040706585238193,-0.0011254719372915,0.0249105487018823,0.7373646209386282,0.0612244897959183,0.0461538461538462
world3_thin_objects,world3_thin_objects__v3,obj_plate,obj_bottle,Separate,1,,0.0030403415262813,True,0.2891868360289565,-0.0967191136967287,,0.2867712340929269,0.5046728971962616,0.4018691588785047
world3_thin_objects,world3_thin_objects__v3,obj_plate,obj_toothbrush,Contact,0,0.1267812401056289,0.0030403415262813,True,0.5042166932948237,0.0028643175639339,0.0574812777340412,0.0038669760247486,1.0,0.8317757009345794
world3_thin_objects,world3_thin_objects__v3,obj_plate,obj_ruler,Support,1,0.1157102435827255,0.0030403415262813,True,0.98683868232475,-0.0009173406385727,0.0560293942689895,0.0179890780597494,0.8260869565217391,0.8968692449355433
world3_thin_objects,world3_thin_objects__v3,obj_fork,obj_ruler,Support,1,0.0329029448330402,0.0030403415262813,True,0.996320984955558,0.0036492611558364,0.031884130090475,0.0605726872246696,1.0,0.6518218623481782
world3_thin_objects,world3_thin_objects__v3,obj_mug,obj_toothbrush,Contact,0,,0.0030403415262813,True,0.5136268527696004,0.067576167489351,,0.0,1.0,0.9610389610389612
world3_thin_objects,world3_thin_objects__v3,obj_notebook,obj_pen,Contact,1,0.0313053354620933,0.0030403415262813,True,0.170886811982209,-0.0081243026454063,0.019355596974492,0.1977037887485648,1.0,0.0266106442577029
world3_thin_objects,world3_thin_objects__v3,obj_knife,obj_spoon,Support,1,0.031307578086853,0.0030403415262813,True,0.9820549724212236,-0.0055488438099691,0.0225306209176778,0.8085315028193185,0.5,0.0524017467248908
world3_thin_objects,world3_thin_objects__v3,obj_chopstick_a,obj_chopstick_b,Contact,0,0.0311042219400405,0.0121613661051254,True,0.999854345647338,-0.0028295848119662,0.0311042219400405,0.0,,0.011070110701107
world3_thin_objects,world3_thin_objects__v4,obj_plate,obj_toothbrush,Contact,0,0.0391672551631927,0.0031234939470667,True,0.6619136791494347,-0.0061251273017863,0.0161461289972066,0.0121041135784492,1.0,1.0
world3_thin_objects,world3_thin_objects__v4,obj_plate,obj_ruler,Support,1,0.0247338637709617,0.0031234939470667,True,0.9793736294615858,-0.0343218654256304,0.0143851703032851,0.0154577312659017,1.0,1.0
world3_thin_objects,world3_thin_objects__v4,obj_fork,obj_ruler,Support,1,0.0127654215320944,0.0031234939470667,True,0.9869016127652382,-0.0194113664663487,0.0104455966502428,0.101630351973183,1.0,0.7912457912457913
world3_thin_objects,world3_thin_objects__v4,obj_mug,obj_toothbrush,Contact,0,0.1200492680072784,0.0031234939470667,True,0.7701791267332551,0.0689987958612489,0.0488141663372516,0.0121912094963105,1.0,0.993993993993994
world3_thin_objects,world3_thin_objects__v4,obj_notebook,obj_pen,Contact,1,0.0346278324723243,0.0031234939470667,True,0.9034441996612996,-0.0099895459010489,0.0206149946898221,0.1628903857930189,1.0,0.0516332982086407
world3_thin_objects,world3_thin_objects__v4,obj_knife,obj_spoon,Support,1,0.024498488754034,0.0031234939470667,True,0.991734978574536,-0.0049032436302089,0.0165113322436809,0.6279282576866764,0.52,0.113871635610766
world3_thin_objects,world3_thin_objects__v4,obj_chopstick_a,obj_chopstick_b,Contact,0,0.0153910582885146,0.0131089914056703,True,0.99073219040736,-0.0037337617299205,0.0141632994636893,0.7370765443676005,,0.2631578947368421
world3_thin_objects,world3_thin_objects__v5,obj_plate,obj_bottle,Separate,1,,0.0028151370745592,True,0.1078325526376005,-0.0928889876475606,,0.0,1.0,0.6057068741893645
world3_thin_objects,world3_thin_objects__v5,obj_plate,obj_ruler,Support,1,0.0269256122410297,0.0028151370745592,True,0.9792810577391646,-0.0028128431284984,0.016639532521367,0.029585798816568,1.0,0.5128865979381443
world3_thin_objects,world3_thin_objects__v5,obj_fork,obj_ruler,Support,1,0.0162712149322032,0.0028151370745592,True,0.998124222908677,-0.0039647533623297,0.0147950993850827,0.1226309921962095,1.0,0.5859375
world3_thin_objects,world3_thin_objects__v5,obj_bottle,obj_knife,Separate,0,,0.0028151370745592,True,0.4202795783564175,0.1105687556819267,,0.0,1.0,0.939622641509434
world3_thin_objects,world3_thin_objects__v5,obj_bottle,obj_spoon,Separate,0,,0.0028151370745592,True,0.2742488192154816,0.1049337577523485,,0.0,1.0,1.0
world3_thin_objects,world3_thin_objects__v5,obj_mug,obj_toothbrush,Contact,0,0.0917370468378067,0.0028151370745592,True,0.3875391825872539,0.0891240656232625,0.0268109254539012,0.0044211108040895,1.0,0.8361266294227188
world3_thin_objects,world3_thin_objects__v5,obj_notebook,obj_pen,Contact,1,0.0416338741779327,0.0028151370745592,True,0.9828829685729048,-0.0074995711386381,0.0292823817580938,0.1490118577075098,1.0,0.1098484848484848
world3_thin_objects,world3_thin_objects__v5,obj_knife,obj_spoon,Support,1,0.0520363748073577,0.0028151370745592,True,0.9813533740044932,-0.0056349979295781,0.0381877087056636,0.5089964014394243,0.5180722891566265,0.5683060109289617
world3_thin_objects,world3_thin_objects__v5,obj_chopstick_a,obj_chopstick_b,Contact,0,0.0322670601308345,0.0039411918372648,True,0.696213636786565,-0.0014900478678848,0.0322670601308345,0.8176718092566619,0.1666666666666666,0.0136239782016349
world3_thin_objects,world3_thin_objects__v6,obj_plate,obj_bottle,Separate,1,0.1518721133470535,0.0018640133095593,True,0.878103088550296,-0.156781427373691,0.0213364660739898,0.0625884016973125,1.0,0.7442396313364055
world3_thin_objects,world3_thin_objects__v6,obj_plate,obj_ruler,Support,1,0.0484495908021926,0.0018640133095593,True,0.9805531025199756,-0.0084759961380248,0.0104795908555388,0.0073898244356861,1.0,1.0
world3_thin_objects,world3_thin_objects__v6,obj_fork,obj_ruler,Support,1,0.0126662347465753,0.0018640133095593,True,0.9873811853897588,-0.0024487190292011,0.0089557515457272,0.2157923201730665,1.0,0.3174603174603174
world3_thin_objects,world3_thin_objects__v6,obj_mug,obj_toothbrush,Contact,0,0.076356403529644,0.0018640133095593,True,0.999345776939634,0.1150417893603018,0.0256041605025529,0.0156162855549358,1.0,1.0
world3_thin_objects,world3_thin_objects__v6,obj_notebook,obj_pen,Contact,1,0.0185377094894647,0.0018640133095593,True,0.945235616895136,-0.0116156317732588,0.005890795495361,0.1756578947368421,1.0,0.1563717306622147
world3_thin_objects,world3_thin_objects__v6,obj_knife,obj_spoon,Support,1,0.0195746552199125,0.0018640133095593,True,0.9992536106024502,-0.0047425820529946,0.0096413325518369,0.2523711340206185,0.5164835164835165,0.0945454545454546
world3_thin_objects,world3_thin_objects__v6,obj_chopstick_a,obj_chopstick_b,Contact,0,0.0174772907048463,0.005219237177883,True,0.9798032105089708,-0.0034985822236864,0.0174772907048463,0.8116938950988822,,0.0363636363636363
world3_thin_objects,world3_thin_objects,obj_plate,obj_bottle,Separate,1,0.131309300661087,0.0086898772917058,True,0.9879388747101556,-0.1497139386467091,0.0124745462089777,0.0,,1.0
world3_thin_objects,world3_thin_objects,obj_plate,obj_ruler,Support,1,0.0189817436039447,0.0021724693229264,True,0.976674623683698,-0.0317936363088595,0.0025376137346029,0.0244755244755244,1.0,0.891970802919708
world3_thin_objects,world3_thin_objects,obj_fork,obj_ruler,Support,1,0.0083925547078251,0.0021724693229264,True,0.9965838909184648,-0.007882222130105,0.0035539572127163,0.0932835820895522,1.0,0.5343680709534369
world3_thin_objects,world3_thin_objects,obj_mug,obj_toothbrush,Contact,0,0.0806032344698906,0.0021724693229264,True,0.9179154473705876,0.1061761078508225,0.0312603451311588,0.0,1.0,0.8018575851393188
world3_thin_objects,world3_thin_objects,obj_notebook,obj_pen,Contact,1,0.0197169501334428,0.0021724693229264,True,0.9991819489855984,-0.0103392539187531,0.0036834198981523,0.1725168035847647,1.0,0.5458104933437744
world3_thin_objects,world3_thin_objects,obj_knife,obj_spoon,Support,1,0.0153617784380912,0.0021724693229264,True,0.9999459685088804,-0.0042034574856333,0.0068863872438669,0.7366785079928952,0.5342465753424658,0.6974789915966386
world3_thin_objects,world3_thin_objects,obj_chopstick_a,obj_chopstick_b,Contact,0,0.0173767060041427,0.0060829140006026,True,0.9980759608266982,-0.0038152855432421,0.0173767060041427,0.73904576436222,,0.2828947368421053
world4_support_scene,world4_support_scene__v3,obj_cereal_box,obj_tissue_box,Contact,1,,0.0033588431337884,True,0.9113172008261948,0.1542313638069724,,0.0515343853723868,1.0,0.8131962296486719
world4_support_scene,world4_support_scene__v3,obj_cereal_box,obj_plate,Separate,0,,0.0033588431337884,True,0.438143896839346,0.2220099583148437,,0.0236717517096265,1.0,0.9026629935720843
world4_support_scene,world4_support_scene__v3,obj_cereal_box,obj_sponge,Separate,0,,0.0033588431337884,True,0.8252763179750899,0.0964992837037038,,0.0085217510823998,1.0,0.8905109489051095
world4_support_scene,world4_support_scene__v3,obj_cereal_box,obj_container,Separate,0,,0.0033588431337884,True,0.9979472336500697,0.1449610804937053,,0.0134577426879598,1.0,0.8159509202453987
world4_support_scene,world4_support_scene__v3,obj_storage_box,obj_wooden_crate,Separate,0,,0.0033588431337884,True,0.9898519043927082,-0.0007172318633087,,0.0791022522169034,1.0,1.0
world4_support_scene,world4_support_scene__v3,obj_storage_box,obj_bottle,Separate,0,,0.0033588431337884,True,0.7053309467668301,-0.1422260518122743,,0.1082074721780604,1.0,0.7885375494071146
world4_support_scene,world4_support_scene__v3,obj_storage_box,obj_can,Separate,1,,0.0033588431337884,True,0.9060512175128684,-0.0939419414773613,,0.0921638468388245,1.0,0.5530085959885387
world4_support_scene,world4_support_scene__v3,obj_wooden_crate,obj_bottle,Separate,1,,0.0033588431337884,True,0.6834609975167039,-0.1415088199489655,,0.1476932424807951,1.0,0.8981406628940987
world4_support_scene,world4_support_scene__v3,obj_mug,obj_container,Contact,1,0.2197107225656509,0.0033588431337884,True,0.9850248778968214,0.0188280527698396,0.0594406649470329,0.0824039653035935,1.0,0.3642384105960264
world4_support_scene,world4_support_scene__v3,obj_bowl,obj_plate,Support,1,,0.0033588431337884,True,0.9142045417405996,0.0501678553505533,,0.3636363636363636,1.0,0.0413533834586465
world4_support_scene,world4_support_scene__v3,obj_plate,obj_notebook,Contact,0,0.1373780816793441,0.0033588431337884,True,0.9970709345042948,-0.0067209955487222,0.0498983711004257,0.0672329103561195,1.0,1.0
world4_support_scene,world4_support_scene__v3,obj_plate,obj_toy_cube,Separate,0,0.1524665355682373,0.0033588431337884,True,0.5934123598941083,-0.044498038179498,0.0626092702150344,0.0696472702763423,1.0,0.8024263431542461
world4_support_scene,world4_support_scene__v3,obj_notebook,obj_book,Contact,0,0.0886770263314247,0.0094047606144456,True,0.9732076874681947,-0.0346169714574193,0.0293911676853895,0.019563090968373,,1.0
world4_support_scene,world4_support_scene__v3,obj_notebook,obj_toy_cube,Support,1,0.1164515167474746,0.0033588431337884,True,0.646240557823252,-0.0377770426307757,0.0410918220877647,0.1592076302274394,1.0,0.190876350540216
world4_support_scene,world4_support_scene__v3,obj_notebook,obj_glass_jar,Separate,0,0.1751559376716613,0.0033588431337884,True,0.6921816583508722,-0.1163497076153308,0.042526189237833,0.1033206831119544,1.0,0.7493472584856398
world4_support_scene,world4_support_scene__v3,obj_book,obj_glass_jar,Support,1,0.1342241168022155,0.0033588431337884,True,0.8395042090120928,-0.0817327361579114,0.0321091301739215,0.2445808981282829,1.0,0.0721991701244813
world4_support_scene,world4_support_scene__v3,obj_sponge,obj_container,Support,1,0.258356899023056,0.0033588431337884,True,0.7914668094676407,0.0484617967900015,0.0738677084445953,0.2297211660329531,1.0,0.1329113924050633
world4_support_scene,world4_support_scene__v6,obj_cereal_box,obj_tissue_box,Contact,1,0.5595716834068298,0.0021844026711712,True,0.9792854227169911,0.1842419965841047,0.0621006079018116,0.192790024652542,1.0,0.6173421300659756
world4_support_scene,world4_support_scene__v6,obj_cereal_box,obj_notebook,Separate,0,0.4281412661075592,0.0021844026711712,True,0.9658825406414968,0.2885128757245683,0.0547001287341117,0.0145040666784176,1.0,1.0
world4_support_scene,world4_support_scene__v6,obj_storage_box,obj_can,Separate,1,,0.0021844026711712,True,0.9353551229002512,-0.1230116534584284,,0.1728194726166328,1.0,0.7187928669410151
world4_support_scene,world4_support_scene__v6,obj_wooden_crate,obj_bottle,Separate,1,,0.0021844026711712,True,0.8846881981944246,-0.1840392028090008,,0.2404258973037953,1.0,0.8916334661354581
world4_support_scene,world4_support_scene__v6,obj_mug,obj_container,Contact,1,0.1197596937417984,0.0021844026711712,True,0.9966916794531572,0.0358684702979946,0.0333959758281707,0.1106766727628176,1.0,0.5857461024498887
world4_support_scene,world4_support_scene__v6,obj_bowl,obj_plate,Support,1,0.0644553676247596,0.0021844026711712,True,0.9989294071373452,0.0526527424443487,0.0192740149796009,0.5099594071556688,1.0,0.3223480947476829
world4_support_scene,world4_support_scene__v6,obj_notebook,obj_toy_cube,Support,1,0.0753255784511566,0.0021844026711712,True,0.9314326532198004,-0.0471191367452675,0.0170353893190622,0.0871802002224694,1.0,0.2703368940016434
world4_support_scene,world4_support_scene__v6,obj_book,obj_glass_jar,Support,1,0.1155982390046119,0.0021844026711712,True,0.949573216945212,-0.1172267131066346,0.0254386775195598,0.2340357937096261,1.0,0.7246484085862324
world4_support_scene,world4_support_scene__v6,obj_sponge,obj_container,Support,1,0.0982049033045768,0.0021844026711712,True,0.9971414923306462,0.0295046832712078,0.0285694506019353,0.2975206611570248,1.0,0.5503105590062112
world5_occlusion_scene,world5_occlusion_scene__v2,obj_cereal_box,obj_bottle,Separate,0,,0.0037850379654434,True,0.6996152148587395,-0.0581043607274041,,0.0165104480178863,1.0,0.0826727066817667
world5_occlusion_scene,world5_occlusion_scene__v2,obj_cereal_box,obj_jar,Separate,0,,0.0037850379654434,True,0.3352956902058307,0.0486262030906865,,0.0025480025480025,1.0,0.6778846153846154
world5_occlusion_scene,world5_occlusion_scene__v2,obj_cereal_box,obj_tissue_box,Separate,0,,0.0037850379654434,True,0.6389847860666771,0.0733075371889202,,0.0615350520794858,1.0,0.1834196891191709
world5_occlusion_scene,world5_occlusion_scene__v2,obj_cereal_box,obj_cup,Separate,0,,0.0189134547136675,True,0.7356565402981673,0.0885832234887843,,0.002536177830822,,0.1701346389228886
world5_occlusion_scene,world5_occlusion_scene__v2,obj_cereal_box,obj_notebook,Separate,0,,0.0037850379654434,True,0.8550246363294111,0.1583000777964388,,0.0,1.0,0.9066511085180864
world5_occlusion_scene,world5_occlusion_scene__v2,obj_bottle,obj_jar,Contact,0,,0.0037850379654434,True,0.8989031828310866,0.1067305638180906,,0.0,1.0,0.9043062200956936
world5_occlusion_scene,world5_occlusion_scene__v2,obj_tissue_box,obj_cup,Contact,0,0.1871547400951385,0.0037850379654434,True,0.9773465008571144,0.015275686299864,0.0427122488617897,0.0188679245283018,0.7818181818181819,0.386138613861386
world5_occlusion_scene,world5_occlusion_scene__v2,obj_tissue_box,obj_bowl,Separate,0,0.164422869682312,0.0037850379654434,True,0.9063711011263456,0.0074710783719202,0.0268843434751033,0.0141774202881777,1.0,1.0
world5_occlusion_scene,world5_occlusion_scene__v2,obj_bowl,obj_apple,Contact,0,0.1364862024784088,0.0037850379654434,True,0.9730368573951622,-0.0150483800146484,0.023703446611762,0.0384327427002745,1.0,0.97610513739546
world5_occlusion_scene,world5_occlusion_scene__v2,obj_bowl,obj_can,Contact,0,0.1539820730686187,0.0113551138963304,True,0.9312987077575354,-0.0373400447912583,0.0264443531632423,0.0152314001171646,,0.8141935483870968
world5_occlusion_scene,world5_occlusion_scene__v2,obj_remote,obj_book,Support,1,0.0878272429108619,0.0037850379654434,True,0.8951053605444761,-0.0197252314265719,0.0315572805702686,0.0585774058577405,1.0,0.5629139072847682
world5_occlusion_scene,world5_occlusion_scene__v2,obj_notebook,obj_book,Contact,1,0.0892599746584892,0.0037850379654434,True,0.8524112050680858,-0.0398264059063387,0.0366483405232429,0.7632911392405063,1.0,0.108433734939759
world5_occlusion_scene,world5_occlusion_scene__v2,obj_plate,obj_mug,Contact,0,0.1020272523164749,0.0037850379654434,True,0.8285083034575985,-0.0849896488458591,0.0247212499380111,0.1002277904328018,1.0,0.6526181353767561
world5_occlusion_scene,world5_occlusion_scene__v2,obj_mug,obj_sponge,Separate,0,0.1199105009436607,0.0075700759308869,True,0.7907750755603886,0.0347973887751231,0.0357075035572052,0.0244964616222101,,0.0894736842105263
world5_occlusion_scene,world5_occlusion_scene__v2,obj_sponge,obj_container,Contact,1,0.076101928949356,0.0037850379654434,True,0.9445137862688582,-0.0571782048700317,0.0301042292267084,0.0956556396970904,1.0,0.9428571428571428
world5_occlusion_scene,world5_occlusion_scene__v2,obj_sponge,obj_toy,Separate,0,0.1009183973073959,0.0037850379654434,True,0.9059889402970852,-0.0808807408063772,0.0351993143558502,0.2374547335747542,1.0,0.7067307692307692
world5_occlusion_scene,world5_occlusion_scene__v2,obj_container,obj_toy,Support,1,0.079807311296463,0.0037850379654434,True,0.9875703256655451,-0.0237025359363454,0.0310227088630199,0.2802994107341933,1.0,0.3003533568904594
world5_occlusion_scene,world5_occlusion_scene__v2,obj_container,obj_banana,Contact,0,0.0623778961598873,0.0037850379654434,True,0.915998385345816,0.0429214276115857,0.0259996578097343,0.1213692946058091,0.974025974025974,0.6499999999999999
world5_occlusion_scene,world5_occlusion_scene__v3,obj_cereal_box,obj_bottle,Separate,0,,0.0031836278481765,True,0.803199637959993,-0.0232843765839272,,0.0950537634408602,1.0,0.2653061224489795
world5_occlusion_scene,world5_occlusion_scene__v3,obj_bottle,obj_jar,Contact,0,,0.0031836278481765,True,0.9789355697790127,0.0785523871543639,,0.2115930279691933,1.0,0.5432098765432098
world5_occlusion_scene,world5_occlusion_scene__v3,obj_tissue_box,obj_cup,Contact,0,,0.0031836278481765,True,0.4069991648957837,-0.0085990973268764,,0.0076335877862595,1.0,0.7174721189591078
world5_occlusion_scene,world5_occlusion_scene__v3,obj_bowl,obj_apple,Contact,0,0.2028678357601165,0.0031836278481765,True,0.8322304304300543,0.0149456874430704,0.043128240853548,0.0197261545602227,1.0,0.3293413173652695
world5_occlusion_scene,world5_occlusion_scene__v3,obj_bowl,obj_can,Contact,0,,0.0031836278481765,True,0.9555051643466784,-0.0289859078372647,,0.0137440758293838,1.0,0.9361702127659576
world5_occlusion_scene,world5_occlusion_scene__v3,obj_bowl,obj_mug,Separate,0,0.1900269985198974,0.0031836278481765,True,0.8498484108012648,0.0036025842564478,0.040426068007946,0.0531894391983041,1.0,0.7049645390070922
world5_occlusion_scene,world5_occlusion_scene__v3,obj_remote,obj_notebook,Contact,1,0.0451651029288768,0.0031836278481765,True,0.044089839270766,0.0128209828482332,0.0308055114001035,0.0704167690166216,1.0,1.0
world5_occlusion_scene,world5_occlusion_scene__v3,obj_remote,obj_book,Support,1,0.0629882961511612,0.0031836278481765,True,0.9584306967483124,-0.0036561597713987,0.0227737035602331,0.0493016468626224,1.0,1.0
world5_occlusion_scene,world5_occlusion_scene__v3,obj_notebook,obj_book,Contact,1,0.0603099651634693,0.0031836278481765,True,0.2275994347710963,-0.016477142619632,0.0263193305581808,0.745814307458143,0.9920255183413078,0.2050599201065246
world5_occlusion_scene,world5_occlusion_scene__v3,obj_plate,obj_mug,Contact,0,0.0902059525251388,0.0127345113927062,True,0.626957864386303,-0.0609174239143225,0.0238572526723146,0.0,,0.1155015197568388
world5_occlusion_scene,world5_occlusion_scene__v3,obj_mug,obj_sponge,Separate,0,0.112053282558918,0.0031836278481765,True,0.8613893174535534,0.0377827932185331,0.0309446305036544,0.0338006529671595,1.0,0.9955156950672646
world5_occlusion_scene,world5_occlusion_scene__v3,obj_sponge,obj_container,Contact,1,0.0623168163001537,0.0031836278481765,True,0.8459779083787218,-0.0415224917997225,0.0220593139529228,0.0206024660527548,1.0,0.234866828087167
world5_occlusion_scene,world5_occlusion_scene__v3,obj_container,obj_toy,Support,1,0.1250548362731933,0.0031836278481765,True,0.977843028336948,-0.0361545151913581,0.0331927165389061,0.136,1.0,0.2420701168614357
world5_occlusion_scene,world5_occlusion_scene__v3,obj_container,obj_banana,Contact,0,0.0880419537425041,0.0031836278481765,True,0.9598384483366325,0.0420081439596102,0.0295616220682859,0.3090909090909091,0.7238805970149254,0.6258278145695364
world5_occlusion_scene,world5_occlusion_scene__v3,obj_toy,obj_banana,Separate,0,0.167210504412651,0.0031836278481765,True,0.9667027872899836,0.0781626591509684,0.0584733001887798,0.2641509433962264,0.9090909090909092,0.8538205980066444
world5_occlusion_scene,world5_occlusion_scene__v6,obj_cereal_box,obj_bottle,Separate,0,0.329545110464096,0.0021060004738072,True,0.905516523987967,-0.0356215900002838,0.0472233071923255,0.078506629448709,1.0,0.1178378378378378
world5_occlusion_scene,world5_occlusion_scene__v6,obj_cereal_box,obj_jar,Separate,0,0.3047457337379455,0.0021060004738072,True,0.3086010183471288,0.0812269925199002,0.0455205179750919,0.0251687509811103,1.0,0.4282380396732788
world5_occlusion_scene,world5_occlusion_scene__v6,obj_cereal_box,obj_tissue_box,Separate,0,0.2414697408676147,0.0105234729352704,True,0.6932235059923179,0.1181178052070778,0.0403470732271671,0.0508567404741413,,0.1877213695395514
world5_occlusion_scene,world5_occlusion_scene__v6,obj_bottle,obj_jar,Contact,0,0.3498036563396454,0.0021060004738072,True,0.5634498945475077,0.1168485825201841,0.0928457304835319,0.1567304086989126,1.0,0.5186915887850467
world5_occlusion_scene,world5_occlusion_scene__v6,obj_tissue_box,obj_cup,Contact,0,0.1443530172109604,0.0021060004738072,True,0.934996636400854,0.0121950138228245,0.0360367409884929,0.1481775860111275,1.0,0.042386185243328
world5_occlusion_scene,world5_occlusion_scene__v6,obj_tissue_box,obj_bowl,Separate,0,0.1458747535943985,0.0058968012262383,True,0.887646919796322,0.0056255364290219,0.0232467874884605,0.0486055019717774,,1.0
world5_occlusion_scene,world5_occlusion_scene__v6,obj_bowl,obj_apple,Contact,0,0.1453077644109726,0.0021060004738072,True,0.6770193512754898,-0.0140882371227613,0.0201059617102146,0.0224508886810102,1.0,0.3815950920245399
world5_occlusion_scene,world5_occlusion_scene__v6,obj_bowl,obj_can,Contact,0,0.1639286130666732,0.0021060004738072,True,0.9912208483181424,-0.0427017772658795,0.0221947077661752,0.0456833861644601,1.0,0.2094674556213017
world5_occlusion_scene,world5_occlusion_scene__v6,obj_remote,obj_book,Support,1,0.0667714551091194,0.0021060004738072,True,0.9673751049246322,-0.0048469929786106,0.0145340822637081,0.0608819853597571,1.0,0.4485596707818929
world5_occlusion_scene,world5_occlusion_scene__v6,obj_notebook,obj_book,Contact,1,0.0600407496094703,0.0021060004738072,True,0.975900141075168,-0.0376849353304237,0.016870604828,0.7589913187267466,1.0,0.4247191011235954
world5_occlusion_scene,world5_occlusion_scene__v6,obj_plate,obj_mug,Contact,0,0.0915631726384162,0.0021060004738072,True,0.992459144144657,-0.084532470841292,0.0122119411826133,0.0507900677200902,1.0,0.8454106280193237
world5_occlusion_scene,world5_occlusion_scene__v6,obj_mug,obj_sponge,Separate,0,0.1240233480930328,0.0075750730753157,True,0.9885293798975432,0.0318412483604899,0.0248257219791412,0.0184049079754601,,0.771604938271605
world5_occlusion_scene,world5_occlusion_scene__v6,obj_sponge,obj_container,Contact,1,0.091014876961708,0.0021060004738072,True,0.9954478794839062,-0.0574272500680498,0.022317100316286,0.0664035291386115,1.0,0.9212962962962964
world5_occlusion_scene,world5_occlusion_scene__v6,obj_container,obj_toy,Support,1,0.115896038711071,0.0021060004738072,True,0.9987999300828212,-0.0288882717748775,0.0313734821975231,0.3717098653807514,0.9140893470790378,0.3596730245231607
world5_occlusion_scene,world5_occlusion_scene__v6,obj_container,obj_banana,Contact,0,0.0931590273976326,0.0021060004738072,True,0.9959743266674234,0.0489045658454367,0.0250537395477294,0.3543433909588747,0.5714285714285714,0.788888888888889
world5_occlusion_scene,world5_occlusion_scene__v6,obj_toy,obj_banana,Separate,0,0.0854697600007057,0.0021060004738072,True,0.9983403756008808,0.0777928376203143,0.0233666524291038,0.2262150982419855,1.0,0.7662337662337662
world5_occlusion_scene,world5_occlusion_scene,obj_cereal_box,obj_bottle,Separate,0,0.3443625569343567,0.0020398452309288,True,0.9900877581196316,-0.0184753672661337,0.0541653595864772,0.0489156461654238,1.0,0.0842490842490841
world5_occlusion_scene,world5_occlusion_scene,obj_bottle,obj_jar,Contact,0,0.268349140882492,0.0020398452309288,True,0.9427175663040556,0.0794320794540114,0.0695095509290695,0.2709677419354839,1.0,0.0405643738977072
world5_occlusion_scene,world5_occlusion_scene,obj_tissue_box,obj_cup,Contact,0,0.1736258566379547,0.0020398452309288,True,0.9827163788981372,0.0017448220748842,0.0320993065834045,0.0210280373831775,1.0,0.3443223443223444
world5_occlusion_scene,world5_occlusion_scene,obj_bowl,obj_apple,Contact,0,0.1461270600557327,0.0020398452309288,True,0.358593001662889,-0.0184999856448159,0.0172010883688926,0.0328162291169451,1.0,0.3081924577373212
world5_occlusion_scene,world5_occlusion_scene,obj_bowl,obj_can,Contact,0,0.1632335782051086,0.0020398452309288,True,0.9533488304472512,-0.0561974152880108,0.0192791521549224,0.017292490118577,1.0,0.2474226804123711
world5_occlusion_scene,world5_occlusion_scene,obj_remote,obj_book,Support,1,0.0783432126045227,0.0020398452309288,True,0.990271163957932,-0.0092396380292292,0.0103283012285828,0.0508018260564204,1.0,0.4309623430962342
world5_occlusion_scene,world5_occlusion_scene,obj_notebook,obj_book,Contact,1,0.0635890960693359,0.0020398452309288,True,0.9901551675369724,-0.0143677563694776,0.0112522225826978,0.5619047619047619,1.0,0.5
world5_occlusion_scene,world5_occlusion_scene,obj_plate,obj_mug,Contact,0,0.0725158229470253,0.0061195356927865,True,0.99838345450972,-0.0926572092500263,0.008068922907114,0.0,,1.0
world5_occlusion_scene,world5_occlusion_scene,obj_mug,obj_sponge,Separate,0,0.1223998591303825,0.0020398452309288,True,0.99406912607765,0.0480585213924893,0.0287274923175573,0.0081045751633986,1.0,0.2886297376093294
world5_occlusion_scene,world5_occlusion_scene,obj_mug,obj_banana,Separate,0,0.1153596565127372,0.0040796904618577,True,0.9773321363728182,0.0293026764907602,0.0302237495779991,0.0,,0.4817275747508305
world5_occlusion_scene,world5_occlusion_scene,obj_sponge,obj_container,Contact,1,0.1026384383440017,0.0020398452309288,True,0.96327835625637,-0.0620162531796815,0.032540738582611,0.0180868167202572,1.0,1.0
world5_occlusion_scene,world5_occlusion_scene,obj_container,obj_toy,Support,1,0.107716716825962,0.0020398452309288,True,0.992189263759942,-0.038187070201158,0.0407957918941974,0.4183006535947712,1.0,0.5431818181818182
world5_occlusion_scene,world5_occlusion_scene,obj_container,obj_banana,Contact,0,0.0997421592473983,0.0020398452309288,True,0.9355901332032556,0.0432604082779524,0.0339086130261421,0.0263000597728631,1.0,0.7388809182209468
world5_occlusion_scene,world5_occlusion_scene,obj_toy,obj_banana,Separate,0,0.0782162547111511,0.0040796904618577,True,0.9692510316921064,0.0814474784791104,0.0236752927303314,0.0,,1.0
world6_dense_mixed,world6_dense_mixed__v2,obj_bottle,obj_cereal_box,Separate,0,,0.0040934147170951,True,0.9872345621548722,-0.0200504433687425,,0.0203091167027551,1.0,0.6772823779193207
world6_dense_mixed,world6_dense_mixed__v2,obj_cereal_box,obj_tissue_box,Separate,0,,0.0040934147170951,True,0.6716145105049929,0.0748001546472036,,0.0065710494724205,1.0,0.9405204460966544
world6_dense_mixed,world6_dense_mixed__v2,obj_cereal_box,obj_ruler,Separate,0,,0.0040934147170951,True,0.1102107590528258,0.0584742698416812,,0.0190228160561626,1.0,1.0
world6_dense_mixed,world6_dense_mixed__v2,obj_tissue_box,obj_bowl,Separate,0,0.1277956664562225,0.0122802441512854,True,0.874129164990891,-0.0064351751760046,0.0447817258536815,0.0,,1.0
world6_dense_mixed,world6_dense_mixed__v2,obj_tissue_box,obj_ruler,Support,1,0.1090331673622131,0.0040934147170951,True,0.8010655691264642,-0.0163258848055224,0.0424381308257579,0.372674791533034,0.5037406483790524,0.747870528109029
world6_dense_mixed,world6_dense_mixed__v2,obj_bowl,obj_apple,Contact,0,0.1124699413776397,0.0040934147170951,True,0.9640237054234346,-0.0003039400026211,0.0358828566968441,0.0,1.0,1.0
world6_dense_mixed,world6_dense_mixed__v2,obj_bowl,obj_ruler,Support,1,0.0924910232424736,0.0040934147170951,True,0.8198988218148706,-0.0098907096295177,0.038185179233551,0.3381550218340611,0.5234657039711191,0.6633906633906634
world6_dense_mixed,world6_dense_mixed__v2,obj_apple,obj_ruler,Separate,0,0.0861316621303558,0.0147236033397049,True,0.9423809928753512,-0.0095867696268966,0.0321384780108928,0.0,,1.0
world6_dense_mixed,world6_dense_mixed__v2,obj_notebook,obj_remote,Support,1,0.0574244298040866,0.0040934147170951,True,0.9419500123582788,-0.0157013359436706,0.0269699469208717,0.2584252213076565,1.0,0.4497652582159623
world6_dense_mixed,world6_dense_mixed__v2,obj_notebook,obj_pen,Support,1,0.0521481186151504,0.0040934147170951,True,0.1272191119770541,-0.0112736440743854,0.02690308727324,0.2584752506764284,1.0,0.3724279835390947
world6_dense_mixed,world6_dense_mixed__v2,obj_remote,obj_pen,Contact,0,0.0566988661885261,0.0163736588683805,True,0.3377413224774481,0.0044276918692851,0.0304475743323564,0.0111567821491485,,1.0
world6_dense_mixed,world6_dense_mixed__v2,obj_plate,obj_spoon,Support,1,0.0302754417061805,0.0040934147170951,True,0.9978728844106036,-0.0044534854529816,0.0131279714405536,0.250204248366013,1.0,0.002360346184107
world6_dense_mixed,world6_dense_mixed__v2,obj_plate,obj_fork,Contact,1,0.0302495285868644,0.0040934147170951,True,0.9955484667312202,0.0285252498694075,0.0130734993144869,0.0,1.0,1.0
world6_dense_mixed,world6_dense_mixed__v2,obj_plate,obj_knife,Contact,1,0.0272852592170238,0.0040934147170951,True,0.9737637574681428,-0.0342880000775378,0.0126669500023126,0.0026604874699622,1.0,1.0
world6_dense_mixed,world6_dense_mixed__v3,obj_jar,obj_cereal_box,Contact,1,,0.0025841559474571,True,0.9018948416769064,-0.0852816563221033,,0.07681718061674,1.0,0.4017857142857143
world6_dense_mixed,world6_dense_mixed__v3,obj_tissue_box,obj_ruler,Support,1,,0.0025841559474571,True,0.1058714814317584,-0.0373783690664035,,0.1574585635359116,0.5086206896551724,0.0202140309155767
world6_dense_mixed,world6_dense_mixed__v3,obj_bowl,obj_ruler,Support,1,,0.0025841559474571,True,0.0338703351578308,-0.0321265979812969,,0.0710274198876775,1.0,0.7032640949554896
world6_dense_mixed,world6_dense_mixed__v3,obj_notebook,obj_remote,Support,1,0.0479623414576053,0.0025841559474571,True,0.9781502186665048,-0.0132166863318998,0.0234040301293134,0.2356857523302263,1.0,0.393939393939394
world6_dense_mixed,world6_dense_mixed__v3,obj_notebook,obj_pen,Support,1,0.0421362072229385,0.0025841559474571,True,0.9624180766282988,5.844998554205283e-05,0.0222851354628801,0.156,1.0,0.3323442136498516
world6_dense_mixed,world6_dense_mixed__v3,obj_plate,obj_spoon,Support,1,0.0364166535437107,0.0025841559474571,True,0.9980118927018136,-0.0068996137957829,0.0191381089389324,0.1732673267326732,1.0,0.0381282495667243
world6_dense_mixed,world6_dense_mixed__v3,obj_plate,obj_fork,Contact,1,0.0347976759076118,0.0025841559474571,True,0.8126182701391109,0.0161659875020372,0.0186479855328798,0.0,1.0,0.1049107142857143
world6_dense_mixed,world6_dense_mixed__v3,obj_plate,obj_knife,Contact,1,0.0336016453802585,0.0025841559474571,True,0.9947554822458784,-0.015700474984625,0.0185385830700397,0.0,1.0,0.1061452513966481
world6_dense_mixed,world6_dense_mixed__v4,obj_mug,obj_jar,Separate,0,0.1070315763354301,0.0130923831311727,True,0.972267205454235,0.0125485608870781,0.0310682412236928,0.0111716621253406,,1.0
world6_dense_mixed,world6_dense_mixed__v4,obj_jar,obj_cereal_box,Contact,1,,0.0036399074706439,True,0.978873256145438,-0.0870385940567191,,0.1295316370186894,1.0,0.1796407185628742
world6_dense_mixed,world6_dense_mixed__v4,obj_cereal_box,obj_tissue_box,Separate,0,,0.0036399074706439,True,0.4002354646184551,0.1172086959496762,,0.0159333594230446,0.5892857142857143,0.8202846975088969
world6_dense_mixed,world6_dense_mixed__v4,obj_cereal_box,obj_ruler,Separate,0,,0.0036399074706439,True,0.3602932172786928,0.1077549140411446,,0.0022462849902085,1.0,1.0
world6_dense_mixed,world6_dense_mixed__v4,obj_tissue_box,obj_bowl,Separate,0,0.1931909918785095,0.0036399074706439,True,0.0937660732372543,0.0163068784803704,0.0795075446367263,0.0130841121495327,0.6607142857142857,0.740139211136891
world6_dense_mixed,world6_dense_mixed__v4,obj_tissue_box,obj_ruler,Support,1,0.1832367181777954,0.0036399074706439,True,0.996425691827137,-0.0094537819085315,0.0818430557847023,0.1568154402895054,0.5275590551181102,0.8385826771653544
world6_dense_mixed,world6_dense_mixed__v4,obj_bowl,obj_apple,Contact,0,0.1517653167247772,0.0036399074706439,True,0.7985326764534652,0.0160937925410955,0.0665690377354621,0.1301369863013698,1.0,0.7512953367875648
world6_dense_mixed,world6_dense_mixed__v4,obj_bowl,obj_ruler,Support,1,0.1377258151769638,0.0036399074706439,True,0.1676844411020707,-0.025760660388902,0.0652513951063156,0.2167729279058362,0.5070422535211268,0.6907216494845361
world6_dense_mixed,world6_dense_mixed__v4,obj_apple,obj_ruler,Separate,0,0.1388691961765289,0.0036399074706439,True,0.4118781451827605,-0.0418544529299975,0.0687809363007545,0.0,1.0,1.0
world6_dense_mixed,world6_dense_mixed__v4,obj_notebook,obj_remote,Support,1,0.0394502580165863,0.0036399074706439,True,0.9861362399366016,-0.0137313690788163,0.015377796255052,0.2798546995610716,1.0,0.0048250904704463
world6_dense_mixed,world6_dense_mixed__v4,obj_notebook,obj_pen,Support,1,0.0370687991380691,0.0036399074706439,True,0.51841966373543,0.0053152805317441,0.0156301781535148,0.1765153822723119,1.0,0.4828532235939644
world6_dense_mixed,world6_dense_mixed__v4,obj_remote,obj_pen,Contact,0,0.0470667704939842,0.0145596298825758,True,0.4499693368468582,0.0190466496105604,0.0192725285887718,0.0256880733944954,,1.0
world6_dense_mixed,world6_dense_mixed__v4,obj_plate,obj_spoon,Support,1,0.0375321879982948,0.0036399074706439,True,0.5702916249120071,-0.0095408809600475,0.0220761895179748,0.2701754385964912,1.0,0.0538793103448276
world6_dense_mixed,world6_dense_mixed__v4,obj_plate,obj_fork,Contact,1,0.036798819899559,0.0036399074706439,True,0.9076814756943608,0.0074637365192309,0.0218909587711095,0.0043183220234423,1.0,1.0
world6_dense_mixed,world6_dense_mixed__v4,obj_plate,obj_knife,Contact,1,0.0385930091142654,0.0036399074706439,True,0.9914425031974252,0.0006270938768879,0.0222853533923625,0.0,1.0,1.0
world6_dense_mixed,world6_dense_mixed__v5,obj_bottle,obj_mug,Separate,0,,0.0034110049884019,True,0.9044427535307932,0.0516583453984779,,0.0341363169311565,1.0,0.7905405405405406
world6_dense_mixed,world6_dense_mixed__v5,obj_jar,obj_cereal_box,Contact,1,,0.0034110049884019,True,0.9205245897655586,-0.0764695505642614,,0.0686586141131595,1.0,0.278169014084507
world6_dense_mixed,world6_dense_mixed__v5,obj_jar,obj_notebook,Separate,0,0.1677875220775604,0.0034110049884019,True,0.5453862245539792,0.0744121887111234,0.0671949833631515,0.0181932245922208,1.0,1.0
world6_dense_mixed,world6_dense_mixed__v5,obj_jar,obj_remote,Separate,0,0.2077576816082,0.0034110049884019,True,0.5805852600000542,0.0574639422327786,0.0697175860404968,0.0057593210063655,1.0,1.0
world6_dense_mixed,world6_dense_mixed__v5,obj_cereal_box,obj_notebook,Separate,0,,0.0034110049884019,True,0.5822372102597259,0.1508817392753848,,0.070528967254408,1.0,0.894736842105263
world6_dense_mixed,world6_dense_mixed__v5,obj_cereal_box,obj_remote,Separate,0,,0.0034110049884019,True,0.6183425015114683,0.13393349279704,,0.0227627761660343,1.0,0.7926949654491608
world6_dense_mixed,world6_dense_mixed__v5,obj_tissue_box,obj_banana,Separate,0,0.1231865808367729,0.0034110049884019,True,0.631409921893531,0.0552597570478055,0.0380070321261882,0.0054988216810683,1.0,1.0
world6_dense_mixed,world6_dense_mixed__v5,obj_tissue_box,obj_ruler,Support,1,0.1359163969755172,0.0034110049884019,True,0.5194944996040433,-0.0312502243111547,0.0442902594804763,0.1920374707259953,0.5233644859813084,0.4152765583845478
world6_dense_mixed,world6_dense_mixed__v5,obj_bowl,obj_apple,Contact,0,0.1154105067253112,0.0034110049884019,True,0.9910922810189944,0.0021063234927589,0.0291232615709304,0.0155743024010382,1.0,0.5011655011655012
world6_dense_mixed,world6_dense_mixed__v5,obj_bowl,obj_ruler,Support,1,0.1397990584373474,0.0034110049884019,True,0.4447468246018425,-0.0152219197450483,0.0461379997432231,0.1233912483912483,0.832,0.0642570281124497
world6_dense_mixed,world6_dense_mixed__v5,obj_apple,obj_ruler,Separate,0,0.1408671438694,0.0034110049884019,True,0.5176390496879509,-0.0173282432378073,0.056308452039957,0.0050740815912319,1.0,0.6262295081967213
world6_dense_mixed,world6_dense_mixed__v5,obj_banana,obj_ruler,Separate,0,0.1426725387573242,0.0102330149652058,True,0.8476389701444834,-0.0865099813589602,0.0638820305466651,0.0,,1.0
world6_dense_mixed,world6_dense_mixed__v5,obj_notebook,obj_remote,Support,1,0.2076306492090225,0.0034110049884019,True,0.9989630816967684,-0.0169482464783448,0.0967129170894622,0.3845238095238095,1.0,0.2549668874172185
world6_dense_mixed,world6_dense_mixed__v5,obj_plate,obj_spoon,Support,1,0.0483404286205768,0.0034110049884019,True,0.4160469058170482,-0.0099815895927947,0.0315559580922126,0.3282674772036474,1.0,0.0653514180024661
world6_dense_mixed,world6_dense_mixed__v5,obj_plate,obj_fork,Contact,1,0.046953298151493,0.0034110049884019,True,0.7964220582222495,0.0190599588023151,0.0309202056378126,0.0,1.0,0.2536348949919225
world6_dense_mixed,world6_dense_mixed__v5,obj_plate,obj_knife,Contact,1,0.0463326163589954,0.0034110049884019,True,0.9051460959889804,-0.0105404091997274,0.030985040590167,0.0020476068594829,1.0,0.2463768115942028
world6_dense_mixed,world6_dense_mixed__v6,obj_mug,obj_cereal_box,Separate,0,,0.0020254025230356,True,0.9431885003292192,-0.0994870023528164,,0.0959972073539678,1.0,0.5842105263157895
world6_dense_mixed,world6_dense_mixed__v6,obj_tissue_box,obj_ruler,Support,1,0.0961487144231796,0.0020254025230356,True,0.91266879947464,-0.0167334394610098,0.0374510772526264,0.3641540130151844,0.5117370892018779,0.8741905642923219
world6_dense_mixed,world6_dense_mixed__v6,obj_bowl,obj_apple,Contact,0,0.1115001887083053,0.0028355634839605,True,0.9276459664103668,-0.0001787268158837,0.0353079065680503,0.0251677852348993,0.6666666666666666,0.0275590551181101
world6_dense_mixed,world6_dense_mixed__v6,obj_bowl,obj_ruler,Support,1,0.0995326563715934,0.0020254025230356,True,0.3643537135089443,-0.0089756898978853,0.0366107821464538,0.1764233241505969,0.5510204081632653,0.0126582278481012
world6_dense_mixed,world6_dense_mixed__v6,obj_apple,obj_ruler,Separate,0,0.0969884023070335,0.0020254025230356,True,0.6408170900740398,-0.0087969630820016,0.0333508178591728,0.0062323549778937,0.8461538461538461,0.8455882352941176
world6_dense_mixed,world6_dense_mixed__v6,obj_notebook,obj_remote,Support,1,0.0381781607866287,0.0020254025230356,True,0.9762301750089484,-0.0104720764369752,0.0131512787193059,0.3237410071942446,1.0,0.2925598991172762
world6_dense_mixed,world6_dense_mixed__v6,obj_notebook,obj_pen,Support,1,0.0341830998659133,0.0020254025230356,True,0.9127057840707428,-0.005923641826562,0.0130116883665323,0.1014162265962554,1.0,0.6234198270126414
world6_dense_mixed,world6_dense_mixed__v6,obj_plate,obj_spoon,Support,1,0.0253428127616643,0.0020254025230356,True,0.9999801231919252,-0.0062924383847575,0.007264622952789,0.2868942267172356,1.0,0.0375275938189845
world6_dense_mixed,world6_dense_mixed__v6,obj_plate,obj_fork,Contact,1,0.0252412613481283,0.0020254025230356,True,0.9879817632917138,0.0259402508115449,0.0071390578523278,0.0252186933564504,1.0,1.0
world6_dense_mixed,world6_dense_mixed__v6,obj_plate,obj_knife,Contact,1,0.0254844259470701,0.0020254025230356,True,0.9902258082863868,-0.0215746718563285,0.0069813141599297,0.0202275600505689,1.0,0.6918714555765595
world6_dense_mixed,world6_dense_mixed,obj_jar,obj_cereal_box,Contact,1,0.5018267035484314,0.003644430485643,True,0.9915377846046264,-0.1084033410592451,0.0786912590265274,0.0614136732329084,1.0,0.3729729729729729
world6_dense_mixed,world6_dense_mixed,obj_tissue_box,obj_ruler,Support,1,0.0959958061575889,0.003644430485643,True,0.9858757457074528,-0.019115418617046,0.0349310338497161,0.2794307891332471,0.5032258064516129,0.4327772325809617
world6_dense_mixed,world6_dense_mixed,obj_bowl,obj_apple,Contact,0,0.1041775494813919,0.003644430485643,True,0.936797089442445,0.0023020354440126,0.038907490670681,0.0328120994616764,1.0,0.6521739130434783
world6_dense_mixed,world6_dense_mixed,obj_bowl,obj_ruler,Support,1,0.0852359011769294,0.003644430485643,True,0.0536360218655674,-0.0062230841114383,0.0340338684618473,0.2488479262672811,0.5254237288135594,0.3662551440329218
world6_dense_mixed,world6_dense_mixed,obj_apple,obj_ruler,Separate,0,0.080771304666996,0.003644430485643,True,0.087687102749526,-0.0085251195554509,0.0295112784951925,0.0926773455377574,1.0,0.6156583629893239
world6_dense_mixed,world6_dense_mixed,obj_notebook,obj_remote,Support,1,0.0419827625155448,0.003644430485643,True,0.9935607251336268,-0.0161766875420278,0.008308813907206,0.2582029503799731,1.0,0.6281208935611038
world6_dense_mixed,world6_dense_mixed,obj_notebook,obj_pen,Support,1,0.0359851419925689,0.003644430485643,True,0.9984036526284918,-0.0029620067785426,0.0081735551357269,0.2224030377000271,1.0,0.7483636363636363
world6_dense_mixed,world6_dense_mixed,obj_plate,obj_spoon,Support,1,0.0269767809659242,0.003644430485643,True,0.9872142626366168,-0.009843197267195,0.0049699647352099,0.2539682539682539,1.0,0.5819112627986348
world6_dense_mixed,world6_dense_mixed,obj_plate,obj_fork,Contact,1,0.0254671331495046,0.003644430485643,True,0.985701280562376,0.0281184911253141,0.004601711872965,0.0,1.0,0.8610804851157663
world6_dense_mixed,world6_dense_mixed,obj_plate,obj_knife,Contact,1,0.0245048645883798,0.003644430485643,True,0.9899508577913658,-0.0311995593363026,0.0044722175225615,0.0,1.0,0.8538205980066444
